INSERT INTO ROOM VALUES (101, 'ERIE HALL', 110);
INSERT INTO ROOM VALUES (102, 'ERIE HALL', 60);
INSERT INTO ROOM VALUES (103, 'ERIE HALL', 35);
INSERT INTO ROOM VALUES (201, 'ESSEX HALL', 105);
INSERT INTO ROOM VALUES (202, 'ESSEX HALL', 55);
INSERT INTO ROOM VALUES (203, 'ESSEX HALL', 30);

INSERT INTO DEPARTMENT VALUES ('CS', 'Computer Science');
INSERT INTO DEPARTMENT VALUES ('CH', 'Chemistry');
INSERT INTO DEPARTMENT VALUES ('BU', 'Business');
INSERT INTO DEPARTMENT VALUES ('EN', 'Engineering');

insert into student values(269190821,'Jacki','Mcelyea','JMcelyea@uwindsor.ca','Chemistry',67.54,'CH');
insert into student values(611965663,'Rowena','Julio','RJulio@uwindsor.ca','Chemistry',97.47,'CH');
insert into student values(311504669,'Faith','Kolesar','FKolesar@uwindsor.ca','Chemistry',70.47,'CH');
insert into student values(534939209,'Vonnie','Rohrbaugh','VRohrbaugh@uwindsor.ca','Computer Science',73.95,'CS');
insert into student values(496549970,'Gilberte','Ober','GOber@uwindsor.ca','Engineering',53.29,'EN');
insert into student values(662283612,'Carline','Trew','CTrew@uwindsor.ca','Chemistry',93.93,'CH');
insert into student values(251029638,'Alesia','Stead','AStead@uwindsor.ca','Chemistry',75.84,'CH');
insert into student values(806983406,'Easter','Harrison','EHarrison@uwindsor.ca','Business',83.24,'BU');
insert into student values(659291372,'Arianne','Weidman','AWeidman@uwindsor.ca','Engineering',96.55,'EN');
insert into student values(550068322,'Kym','Fulk','KFulk@uwindsor.ca','Engineering',90.08,'EN');
insert into student values(514216694,'Juanita','Munsey','JMunsey@uwindsor.ca','Engineering',66.81,'EN');
insert into student values(341759331,'Emeline','Pomeroy','EPomeroy@uwindsor.ca','Business',92.01,'BU');
insert into student values(246177281,'Lizzie','Mcfate','LMcfate@uwindsor.ca','Computer Science',84.56,'CS');
insert into student values(421979308,'Verda','Carrales','VCarrales@uwindsor.ca','Computer Science',81.81,'CS');
insert into student values(164463208,'Shiela','Heber','SHeber@uwindsor.ca','Chemistry',60.09,'CH');
insert into student values(515946826,'Elicia','Balas','EBalas@uwindsor.ca','Computer Science',71.59,'CS');
insert into student values(404597709,'Tiffanie','Wiese','TWiese@uwindsor.ca','Business',50.41,'BU');
insert into student values(927102961,'Monica','Hammaker','MHammaker@uwindsor.ca','Chemistry',58.43,'CH');
insert into student values(369173170,'Hung','Clampitt','HClampitt@uwindsor.ca','Computer Science',64.85,'CS');
insert into student values(644574557,'Glennis','Royston','GRoyston@uwindsor.ca','Engineering',56.15,'EN');
insert into student values(361636588,'Hassan','Hamann','HHamann@uwindsor.ca','Business',94.37,'BU');
insert into student values(157776558,'Carman','Hillwig','CHillwig@uwindsor.ca','Engineering',52.8,'EN');
insert into student values(691989937,'Briana','Streater','BStreater@uwindsor.ca','Computer Science',80.39,'CS');
insert into student values(596900134,'Marcelene','Brophy','MBrophy@uwindsor.ca','Engineering',60.58,'EN');
insert into student values(482230739,'Liane','Vaquera','LVaquera@uwindsor.ca','Computer Science',77.32,'CS');
insert into student values(223626261,'Ching','Bigler','CBigler@uwindsor.ca','Engineering',75.82,'EN');
insert into student values(223472597,'Lincoln','Engberg','LEngberg@uwindsor.ca','Chemistry',75.87,'CH');
insert into student values(982785384,'Victor','Conners','VConners@uwindsor.ca','Chemistry',74.99,'CH');
insert into student values(714207974,'Vada','Myron','VMyron@uwindsor.ca','Engineering',64.34,'EN');
insert into student values(764959482,'Risa','Hazen','RHazen@uwindsor.ca','Business',86.45,'BU');
insert into student values(421322268,'Blondell','Decarlo','BDecarlo@uwindsor.ca','Engineering',59.17,'EN');
insert into student values(627996541,'Debby','Efird','DEfird@uwindsor.ca','Business',62.35,'BU');
insert into student values(419459622,'Josef','Deeb','JDeeb@uwindsor.ca','Chemistry',52.02,'CH');
insert into student values(826131219,'Shannan','Pasley','SPasley@uwindsor.ca','Computer Science',68.0,'CS');
insert into student values(266262160,'Rickey','Koury','RKoury@uwindsor.ca','Business',69.66,'BU');
insert into student values(631904376,'Alvina','Kabel','AKabel@uwindsor.ca','Chemistry',60.51,'CH');
insert into student values(455845118,'Mellie','Barlowe','MBarlowe@uwindsor.ca','Chemistry',58.14,'CH');
insert into student values(720626221,'Jerry','Calley','JCalley@uwindsor.ca','Chemistry',81.27,'CH');
insert into student values(891865448,'Vicente','Kearns','VKearns@uwindsor.ca','Business',58.79,'BU');
insert into student values(605979047,'Vance','Bialek','VBialek@uwindsor.ca','Chemistry',63.9,'CH');
insert into student values(441874909,'Rufina','Wiggs','RWiggs@uwindsor.ca','Computer Science',70.2,'CS');
insert into student values(165674722,'Cristy','Lis','CLis@uwindsor.ca','Chemistry',95.77,'CH');
insert into student values(843496530,'Sergio','Pocock','SPocock@uwindsor.ca','Computer Science',91.11,'CS');
insert into student values(501141176,'Eulah','Zemlicka','EZemlicka@uwindsor.ca','Engineering',95.98,'EN');
insert into student values(161844728,'Millie','Davy','MDavy@uwindsor.ca','Chemistry',92.68,'CH');
insert into student values(652233039,'Herlinda','Kreger','HKreger@uwindsor.ca','Business',97.71,'BU');
insert into student values(167451833,'Roselyn','Mcquaid','RMcquaid@uwindsor.ca','Computer Science',65.68,'CS');
insert into student values(419405255,'Gabriele','Villagran','GVillagran@uwindsor.ca','Engineering',67.63,'EN');
insert into student values(164882289,'Emogene','Morain','EMorain@uwindsor.ca','Business',59.88,'BU');
insert into student values(244831266,'Mildred','Bulli','MBulli@uwindsor.ca','Engineering',85.36,'EN');

INSERT INTO PROFESSOR VALUES (9001, 'BOBBY', 'JEAN', 'BJEAN@UWINDSOR.CA', 'CS');
INSERT INTO PROFESSOR VALUES (9002, 'CLAIRE', 'BAKER', 'CBAKER@UWINDSOR.CA', 'CS');
INSERT INTO PROFESSOR VALUES (9003, 'HAROLD', 'BEAUMONT', 'HBEAUMONT@UWINDSOR.CA', 'CH');
INSERT INTO PROFESSOR VALUES (9004, 'KATIE', 'SMITH', 'KSMITH@UWINDSOR.CA', 'CH');
INSERT INTO PROFESSOR VALUES (9005, 'BRANDON', 'BROWN', 'BBROWN@UWINDSOR.CA', 'BU');
INSERT INTO PROFESSOR VALUES (9006, 'WILLIAM', 'DAVIS', 'WDAVIS@UWINDSOR.CA', 'EN');

INSERT INTO COURSE VALUES ('COMP1050', 'INTRO TO PROGRAMMING', 'DESCRIPTION OF COMP1050', 'CS');
INSERT INTO COURSE VALUES ('COMP2080', 'OOP USING JAVA', 'DESCRIPTION OF COMP2080', 'CS');
INSERT INTO COURSE VALUES ('COMP2260', 'DATABASE MANAGEMENT SYSTEMS', 'DESCRIPTION OF COMP2260', 'CS');
INSERT INTO COURSE VALUES ('CHEM3470', 'SPECTROSCOPIC STRUCTURE IDENTIFICATION', 'DESCRIPTION OF CHEM3470', 'CH');
INSERT INTO COURSE VALUES ('CHEM3801', 'PRINCIPLES OF INSTRUMENTAL ANALYSIS', 'DESCRIPTION OF CHEM3810', 'CH');
INSERT INTO COURSE VALUES ('CHEM4540', 'BIO AND SUSTAINABLE MATERIALS', 'DESCRIPTION OF CHEM4540', 'CH');
INSERT INTO COURSE VALUES ('BUSS4540', 'BUSINESS MANAGEMENT', 'DESCRIPTION OF BUSS4540', 'BU');
INSERT INTO COURSE VALUES ('BUSS2500', 'ECONOMICS I', 'DESCRIPTION OF BUSS2500', 'BU');
INSERT INTO COURSE VALUES ('BUSS1000', 'ECONOMICS II', 'DESCRIPTION OF BUSS1000', 'BU');
INSERT INTO COURSE VALUES ('ENGI4540', 'MECHANICS I', 'DESCRIPTION OF ENGI4540', 'EN');
INSERT INTO COURSE VALUES ('ENGI3540', 'MECHANICS II', 'DESCRIPTION OF ENGI3540', 'EN');
INSERT INTO COURSE VALUES ('ENGI1000', 'ENGINEERING PRINCIPLES', 'DESCRIPTION OF ENGI1000', 'EN');

insert into section_records values(01,'9205','COMP2080',9001,102,'Sunday','11:30am','12:50pm');
insert into section_records values(01,'9672','COMP1050',9001,101,'Sunday','4:00pm','5:20pm');
insert into section_records values(01,'3547','COMP2260',9001,202,'Sunday','1:00pm','2:20pm');
insert into section_records values(01,'2746','COMP2260',9003,201,'Monday','10:00am','11:20am');
insert into section_records values(01,'4467','COMP2080',9005,203,'Friday','1:00pm','2:20pm');
insert into section_records values(01,'8847','CHEM3470',9003,101,'Monday','7:00pm','9:50pm');
insert into section_records values(01,'9130','ENGI3540',9001,101,'Friday','10:00am','11:20am');
insert into section_records values(01,'1621','ENGI3540',9005,202,'Monday','7:00pm','9:50pm');
insert into section_records values(01,'4566','BUSS2500',9004,202,'Friday','11:30am','12:50pm');
insert into section_records values(01,'3068','ENGI4540',9006,203,'Friday','5:30pm','6:50pm');
insert into section_records values(01,'2154','BUSS1000',9006,202,'Tuesday','8:30am','9:50am');
insert into section_records values(01,'5387','COMP1050',9005,101,'Sunday','11:30am','12:50pm');

insert into student_records values(6581,269190821,2154,53,'Pass','2017','S');
insert into student_records values(5279,269190821,9205,62,'Pass','2017','S');
insert into student_records values(2115,269190821,1621,14,'Fail','2017','S');
insert into student_records values(7772,611965663,9205,96,'Pass','2017','F');
insert into student_records values(3110,611965663,1621,45,'Fail','2017','W');
insert into student_records values(9369,611965663,3547,29,'Fail','2017','F');
insert into student_records values(1814,311504669,4467,87,'Pass','2017','W');
insert into student_records values(9572,311504669,1621,17,'Fail','2017','F');
insert into student_records values(6229,311504669,2746,77,'Pass','2017','W');
insert into student_records values(7646,534939209,8847,88,'Pass','2017','F');
insert into student_records values(8211,534939209,9130,54,'Pass','2017','W');
insert into student_records values(1552,534939209,4467,66,'Pass','2017','W');
insert into student_records values(6433,496549970,3547,41,'Fail','2017','F');
insert into student_records values(2818,496549970,3068,84,'Pass','2017','F');
insert into student_records values(7091,496549970,3547,62,'Pass','2017','S');
insert into student_records values(9545,662283612,4566,95,'Pass','2017','W');
insert into student_records values(9059,662283612,5387,81,'Pass','2017','S');
insert into student_records values(4718,662283612,2746,74,'Pass','2017','W');
insert into student_records values(8775,251029638,5387,34,'Fail','2017','F');
insert into student_records values(3608,251029638,3547,42,'Fail','2017','S');
insert into student_records values(2226,251029638,2746,97,'Pass','2017','W');
insert into student_records values(3074,806983406,9672,98,'Pass','2017','S');
insert into student_records values(6906,806983406,5387,16,'Fail','2017','W');
insert into student_records values(2686,806983406,1621,13,'Fail','2017','F');
insert into student_records values(8452,659291372,5387,42,'Fail','2017','F');
insert into student_records values(6393,659291372,5387,48,'Fail','2017','W');
insert into student_records values(3829,659291372,5387,96,'Pass','2017','S');
insert into student_records values(9581,550068322,5387,89,'Pass','2017','F');
insert into student_records values(7824,550068322,2746,64,'Pass','2017','S');
insert into student_records values(3716,550068322,2154,69,'Pass','2017','F');
insert into student_records values(6324,514216694,3547,42,'Fail','2017','S');
insert into student_records values(2003,514216694,2154,34,'Fail','2017','S');
insert into student_records values(5343,514216694,3547,40,'Fail','2017','F');
insert into student_records values(2037,341759331,2746,99,'Pass','2017','W');
insert into student_records values(5153,341759331,3068,62,'Pass','2017','W');
insert into student_records values(2412,341759331,4467,44,'Fail','2017','F');
insert into student_records values(2610,246177281,9205,15,'Fail','2017','S');
insert into student_records values(8392,246177281,2746,42,'Fail','2017','S');
insert into student_records values(2374,246177281,4566,96,'Pass','2017','S');
insert into student_records values(3035,421979308,2746,87,'Pass','2017','W');
insert into student_records values(3798,421979308,9672,43,'Fail','2017','W');
insert into student_records values(2578,421979308,9672,93,'Pass','2017','W');
insert into student_records values(7088,164463208,9130,49,'Fail','2017','F');
insert into student_records values(1280,164463208,5387,16,'Fail','2017','W');
insert into student_records values(4517,164463208,5387,89,'Pass','2017','F');
insert into student_records values(9736,515946826,8847,29,'Fail','2017','F');
insert into student_records values(4340,515946826,4467,99,'Pass','2017','F');
insert into student_records values(2926,515946826,3068,52,'Pass','2017','F');
insert into student_records values(2448,404597709,4467,35,'Fail','2017','S');
insert into student_records values(8522,404597709,9672,29,'Fail','2017','S');
insert into student_records values(1039,404597709,8847,67,'Pass','2017','F');
insert into student_records values(5188,927102961,9205,53,'Pass','2017','S');
insert into student_records values(5787,927102961,9130,65,'Pass','2017','F');
insert into student_records values(9866,927102961,2154,16,'Fail','2017','F');
insert into student_records values(3050,369173170,1621,67,'Pass','2017','S');
insert into student_records values(3522,369173170,1621,67,'Pass','2017','S');
insert into student_records values(6682,369173170,3547,40,'Fail','2017','W');
insert into student_records values(5519,644574557,9672,70,'Pass','2017','F');
insert into student_records values(7380,644574557,4467,80,'Pass','2017','S');
insert into student_records values(2071,644574557,9672,10,'Fail','2017','S');
insert into student_records values(2028,361636588,8847,95,'Pass','2017','S');
insert into student_records values(2865,361636588,2746,53,'Pass','2017','S');
insert into student_records values(5848,361636588,2746,23,'Fail','2017','F');
insert into student_records values(2282,157776558,2154,87,'Pass','2017','S');
insert into student_records values(9644,157776558,4566,13,'Fail','2017','S');
insert into student_records values(2645,157776558,2746,34,'Fail','2017','S');
insert into student_records values(6962,691989937,5387,73,'Pass','2017','S');
insert into student_records values(7003,691989937,9130,93,'Pass','2017','W');
insert into student_records values(2181,691989937,9205,87,'Pass','2017','F');
insert into student_records values(7141,596900134,9130,77,'Pass','2017','F');
insert into student_records values(2278,596900134,3068,76,'Pass','2017','S');
insert into student_records values(8840,596900134,8847,60,'Pass','2017','S');
insert into student_records values(9603,482230739,5387,74,'Pass','2017','S');
insert into student_records values(3128,482230739,8847,75,'Pass','2017','S');
insert into student_records values(3369,482230739,2746,21,'Fail','2017','W');
insert into student_records values(6274,223626261,5387,27,'Fail','2017','F');
insert into student_records values(7895,223626261,5387,69,'Pass','2017','F');
insert into student_records values(8468,223626261,3068,54,'Pass','2017','F');
insert into student_records values(1099,223472597,4566,58,'Pass','2017','W');
insert into student_records values(4285,223472597,2154,15,'Fail','2017','W');
insert into student_records values(6040,223472597,4566,42,'Fail','2017','F');
insert into student_records values(7836,982785384,1621,36,'Fail','2017','S');
insert into student_records values(4714,982785384,2154,42,'Fail','2017','S');
insert into student_records values(2753,982785384,8847,21,'Fail','2017','W');
insert into student_records values(6886,714207974,2154,41,'Fail','2017','F');
insert into student_records values(8197,714207974,4467,63,'Pass','2017','F');
insert into student_records values(9443,714207974,1621,17,'Fail','2017','F');
insert into student_records values(2149,764959482,4467,72,'Pass','2017','S');
insert into student_records values(1661,764959482,4467,87,'Pass','2017','F');
insert into student_records values(6511,764959482,9205,78,'Pass','2017','S');
insert into student_records values(2109,421322268,9130,22,'Fail','2017','S');
insert into student_records values(9535,421322268,2154,93,'Pass','2017','F');
insert into student_records values(9214,421322268,3547,62,'Pass','2017','F');
insert into student_records values(4241,627996541,1621,20,'Fail','2017','W');
insert into student_records values(6435,627996541,9130,89,'Pass','2017','W');
insert into student_records values(2613,627996541,4566,13,'Fail','2017','W');
insert into student_records values(4965,419459622,9130,79,'Pass','2017','F');
insert into student_records values(4752,419459622,2746,16,'Fail','2017','W');
insert into student_records values(5301,419459622,3547,43,'Fail','2017','W');
insert into student_records values(2257,826131219,2154,81,'Pass','2017','S');
insert into student_records values(1766,826131219,9130,94,'Pass','2017','S');
insert into student_records values(6994,826131219,9672,40,'Fail','2017','F');
insert into student_records values(2853,266262160,5387,98,'Pass','2017','W');
insert into student_records values(4897,266262160,5387,13,'Fail','2017','W');
insert into student_records values(2490,266262160,4566,65,'Pass','2017','S');
insert into student_records values(6488,631904376,3547,10,'Fail','2017','F');
insert into student_records values(9569,631904376,2154,26,'Fail','2017','F');
insert into student_records values(4497,631904376,4566,76,'Pass','2017','F');
insert into student_records values(3473,455845118,4566,21,'Fail','2017','W');
insert into student_records values(8831,455845118,5387,78,'Pass','2017','W');
insert into student_records values(9513,455845118,4467,95,'Pass','2017','F');
insert into student_records values(3281,720626221,3547,55,'Pass','2017','F');
insert into student_records values(6745,720626221,9672,42,'Fail','2017','W');
insert into student_records values(9680,720626221,2746,78,'Pass','2017','W');
insert into student_records values(9325,891865448,2154,69,'Pass','2017','W');
insert into student_records values(9176,891865448,2746,11,'Fail','2017','F');
insert into student_records values(5610,891865448,3547,56,'Pass','2017','S');
insert into student_records values(2340,605979047,3547,26,'Fail','2017','S');
insert into student_records values(6533,605979047,1621,78,'Pass','2017','S');
insert into student_records values(3902,605979047,9130,72,'Pass','2017','S');
insert into student_records values(6177,441874909,9205,96,'Pass','2017','F');
insert into student_records values(8544,441874909,9672,91,'Pass','2017','W');
insert into student_records values(5476,441874909,9672,13,'Fail','2017','F');
insert into student_records values(7004,165674722,4566,90,'Pass','2017','S');
insert into student_records values(1407,165674722,3547,96,'Pass','2017','S');
insert into student_records values(8649,165674722,9130,83,'Pass','2017','F');
insert into student_records values(7557,843496530,1621,38,'Fail','2017','S');
insert into student_records values(3772,843496530,4467,19,'Fail','2017','F');
insert into student_records values(5731,843496530,2746,11,'Fail','2017','S');
insert into student_records values(1242,501141176,2746,26,'Fail','2017','F');
insert into student_records values(9872,501141176,8847,16,'Fail','2017','W');
insert into student_records values(6303,501141176,2746,78,'Pass','2017','S');
insert into student_records values(8690,161844728,1621,54,'Pass','2017','F');
insert into student_records values(6975,161844728,9205,65,'Pass','2017','W');
insert into student_records values(7137,161844728,9205,69,'Pass','2017','W');
insert into student_records values(5669,652233039,4467,27,'Fail','2017','F');
insert into student_records values(2700,652233039,9130,33,'Fail','2017','W');
insert into student_records values(2024,652233039,3068,52,'Pass','2017','F');
insert into student_records values(9649,167451833,2746,84,'Pass','2017','F');
insert into student_records values(3306,167451833,2154,78,'Pass','2017','F');
insert into student_records values(3634,167451833,4467,55,'Pass','2017','W');
insert into student_records values(5181,419405255,3547,97,'Pass','2017','F');
insert into student_records values(4371,419405255,2746,59,'Pass','2017','W');
insert into student_records values(4028,419405255,2746,66,'Pass','2017','W');
insert into student_records values(7687,164882289,9130,70,'Pass','2017','W');
insert into student_records values(2263,164882289,3547,29,'Fail','2017','W');
insert into student_records values(2930,164882289,4467,95,'Pass','2017','S');
insert into student_records values(6662,244831266,2154,44,'Fail','2017','S');
insert into student_records values(9889,244831266,9205,88,'Pass','2017','W');
insert into student_records values(2486,244831266,8847,61,'Pass','2017','F');

