INSERT INTO ROOM VALUES (101, '1120', 'ERIE HALL', 110);INSERT INTO ROOM VALUES (102, '1118', 'ERIE HALL', 60);INSERT INTO ROOM VALUES (103, '3130', 'ERIE HALL', 35);INSERT INTO ROOM VALUES (201, '1250', 'ESSEX HALL', 105);INSERT INTO ROOM VALUES (202, '1230', 'ESSEX HALL', 55);INSERT INTO ROOM VALUES (203, '1267', 'ESSEX HALL', 30);

INSERT INTO DEPARTMENT VALUES ('CS', 'Computer Science');
INSERT INTO DEPARTMENT VALUES ('CH', 'Chemistry');
INSERT INTO DEPARTMENT VALUES ('BU', 'Business');
INSERT INTO DEPARTMENT VALUES ('EN', 'Engineering');

insert into student values(124406136,'Jacki','Mcelyea','JMcelyea@uwindsor.ca','Computer Science',74.13,'CS');
insert into student values(368510663,'Rowena','Julio','RJulio@uwindsor.ca','Computer Science',88.05,'CS');
insert into student values(227911497,'Faith','Kolesar','FKolesar@uwindsor.ca','Business',53.71,'BU');
insert into student values(613427327,'Vonnie','Rohrbaugh','VRohrbaugh@uwindsor.ca','Business',69.93,'BU');
insert into student values(452818218,'Gilberte','Ober','GOber@uwindsor.ca','Engineering',73.19,'EN');
insert into student values(160853767,'Carline','Trew','CTrew@uwindsor.ca','Engineering',87.7,'EN');
insert into student values(898332114,'Alesia','Stead','AStead@uwindsor.ca','Business',68.69,'BU');
insert into student values(671316190,'Easter','Harrison','EHarrison@uwindsor.ca','Business',93.75,'BU');
insert into student values(336398956,'Arianne','Weidman','AWeidman@uwindsor.ca','Chemistry',52.96,'CH');
insert into student values(939374252,'Kym','Fulk','KFulk@uwindsor.ca','Computer Science',91.54,'CS');
insert into student values(157083661,'Juanita','Munsey','JMunsey@uwindsor.ca','Chemistry',50.94,'CH');
insert into student values(794237108,'Emeline','Pomeroy','EPomeroy@uwindsor.ca','Computer Science',85.27,'CS');
insert into student values(818785711,'Lizzie','Mcfate','LMcfate@uwindsor.ca','Business',70.67,'BU');
insert into student values(338101662,'Verda','Carrales','VCarrales@uwindsor.ca','Business',62.93,'BU');
insert into student values(338765832,'Shiela','Heber','SHeber@uwindsor.ca','Engineering',54.71,'EN');
insert into student values(467937105,'Elicia','Balas','EBalas@uwindsor.ca','Chemistry',91.15,'CH');
insert into student values(483283754,'Tiffanie','Wiese','TWiese@uwindsor.ca','Chemistry',81.5,'CH');
insert into student values(797851251,'Monica','Hammaker','MHammaker@uwindsor.ca','Engineering',66.41,'EN');
insert into student values(646481764,'Hung','Clampitt','HClampitt@uwindsor.ca','Business',94.22,'BU');
insert into student values(168330034,'Glennis','Royston','GRoyston@uwindsor.ca','Computer Science',69.99,'CS');
insert into student values(183612420,'Hassan','Hamann','HHamann@uwindsor.ca','Computer Science',90.38,'CS');
insert into student values(885978185,'Carman','Hillwig','CHillwig@uwindsor.ca','Computer Science',82.81,'CS');
insert into student values(190254702,'Briana','Streater','BStreater@uwindsor.ca','Chemistry',87.89,'CH');
insert into student values(772441979,'Marcelene','Brophy','MBrophy@uwindsor.ca','Chemistry',70.38,'CH');
insert into student values(554191505,'Liane','Vaquera','LVaquera@uwindsor.ca','Business',91.13,'BU');
insert into student values(116231551,'Ching','Bigler','CBigler@uwindsor.ca','Chemistry',81.31,'CH');
insert into student values(177812108,'Lincoln','Engberg','LEngberg@uwindsor.ca','Business',80.3,'BU');
insert into student values(203703063,'Victor','Conners','VConners@uwindsor.ca','Chemistry',62.09,'CH');
insert into student values(854194322,'Vada','Myron','VMyron@uwindsor.ca','Computer Science',90.95,'CS');
insert into student values(726981761,'Risa','Hazen','RHazen@uwindsor.ca','Chemistry',98.08,'CH');
insert into student values(379872347,'Blondell','Decarlo','BDecarlo@uwindsor.ca','Chemistry',56.46,'CH');
insert into student values(679110969,'Debby','Efird','DEfird@uwindsor.ca','Chemistry',95.36,'CH');
insert into student values(808707727,'Josef','Deeb','JDeeb@uwindsor.ca','Computer Science',52.35,'CS');
insert into student values(185604790,'Shannan','Pasley','SPasley@uwindsor.ca','Computer Science',82.21,'CS');
insert into student values(747118757,'Rickey','Koury','RKoury@uwindsor.ca','Engineering',79.83,'EN');
insert into student values(368280847,'Alvina','Kabel','AKabel@uwindsor.ca','Engineering',94.65,'EN');
insert into student values(495462701,'Mellie','Barlowe','MBarlowe@uwindsor.ca','Engineering',87.16,'EN');
insert into student values(261728706,'Jerry','Calley','JCalley@uwindsor.ca','Business',65.52,'BU');
insert into student values(622221229,'Vicente','Kearns','VKearns@uwindsor.ca','Chemistry',67.95,'CH');
insert into student values(775745894,'Vance','Bialek','VBialek@uwindsor.ca','Business',67.85,'BU');
insert into student values(930810062,'Rufina','Wiggs','RWiggs@uwindsor.ca','Engineering',51.7,'EN');
insert into student values(625338072,'Cristy','Lis','CLis@uwindsor.ca','Computer Science',82.12,'CS');
insert into student values(866027908,'Sergio','Pocock','SPocock@uwindsor.ca','Business',52.25,'BU');
insert into student values(828262117,'Eulah','Zemlicka','EZemlicka@uwindsor.ca','Chemistry',65.66,'CH');
insert into student values(606558462,'Millie','Davy','MDavy@uwindsor.ca','Business',71.58,'BU');
insert into student values(795263135,'Herlinda','Kreger','HKreger@uwindsor.ca','Business',85.41,'BU');
insert into student values(195844911,'Roselyn','Mcquaid','RMcquaid@uwindsor.ca','Engineering',96.23,'EN');
insert into student values(521846982,'Gabriele','Villagran','GVillagran@uwindsor.ca','Chemistry',60.5,'CH');
insert into student values(218154199,'Emogene','Morain','EMorain@uwindsor.ca','Engineering',65.95,'EN');
insert into student values(701285542,'Mildred','Bulli','MBulli@uwindsor.ca','Chemistry',91.74,'CH');

INSERT INTO PROFESSOR VALUES (9001, 'BOBBY', 'JEAN', 'BJEAN@UWINDSOR.CA', 'CS');
INSERT INTO PROFESSOR VALUES (9002, 'CLAIRE', 'BAKER', 'CBAKER@UWINDSOR.CA', 'CS');
INSERT INTO PROFESSOR VALUES (9003, 'HAROLD', 'BEAUMONT', 'HBEAUMONT@UWINDSOR.CA', 'CH');
INSERT INTO PROFESSOR VALUES (9004, 'KATIE', 'SMITH', 'KSMITH@UWINDSOR.CA', 'CH');
INSERT INTO PROFESSOR VALUES (9005, 'BRANDON', 'BROWN', 'BBROWN@UWINDSOR.CA', 'BU');
INSERT INTO PROFESSOR VALUES (9006, 'WILLIAM', 'DAVIS', 'WDAVIS@UWINDSOR.CA', 'EN');

INSERT INTO COURSE VALUES ('COMP1050', 'INTRO TO PROGRAMMING', 'DESCRIPTION OF COMP1050', 'CS');
INSERT INTO COURSE VALUES ('COMP2080', 'OOP USING JAVA', 'DESCRIPTION OF COMP2080', 'CS');
INSERT INTO COURSE VALUES ('COMP2260', 'DATABASE MANAGEMENT SYSTEMS', 'DESCRIPTION OF COMP2260', 'CS');
INSERT INTO COURSE VALUES ('CHEM3470', 'SPECTROSCOPIC STRUCTURE IDENTIFICATION', 'DESCRIPTION OF CHEM3470', 'CH');
INSERT INTO COURSE VALUES ('CHEM3801', 'PRINCIPLES OF INSTRUMENTAL ANALYSIS', 'DESCRIPTION OF CHEM3810', 'CH');
INSERT INTO COURSE VALUES ('CHEM4540', 'BIO AND SUSTAINABLE MATERIALS', 'DESCRIPTION OF CHEM4540', 'CH');
INSERT INTO COURSE VALUES ('BUSS4540', 'BUSINESS MANAGEMENT', 'DESCRIPTION OF BUSS4540', 'BU');
INSERT INTO COURSE VALUES ('BUSS2500', 'ECONOMICS I', 'DESCRIPTION OF BUSS2500', 'BU');
INSERT INTO COURSE VALUES ('BUSS1000', 'ECONOMICS II', 'DESCRIPTION OF BUSS1000', 'BU');
INSERT INTO COURSE VALUES ('ENGI4540', 'MECHANICS I', 'DESCRIPTION OF ENGI4540', 'EN');
INSERT INTO COURSE VALUES ('ENGI3540', 'MECHANICS II', 'DESCRIPTION OF ENGI3540', 'EN');
INSERT INTO COURSE VALUES ('ENGI1000', 'ENGINEERING PRINCIPLES', 'DESCRIPTION OF ENGI1000', 'EN');

insert into section_records values(01,'6863','CHEM3470',9002,102,'Thursday','8:30am','9:50am');
insert into section_records values(01,'4258','BUSS4540',9003,102,'Wednesday','10:00am','11:20am');
insert into section_records values(01,'7586','BUSS1000',9002,201,'Monday','11:30am','12:50pm');
insert into section_records values(01,'4967','COMP2260',9006,102,'Saturday','4:00pm','5:20pm');
insert into section_records values(01,'4092','BUSS1000',9006,101,'Monday','2:30pm','3:50pm');
insert into section_records values(01,'4800','COMP1050',9004,103,'Monday','4:00pm','5:20pm');
insert into section_records values(01,'6907','COMP1050',9006,102,'Wednesday','11:30am','12:50pm');
insert into section_records values(01,'9533','ENGI3540',9003,203,'Monday','4:00pm','5:20pm');
insert into section_records values(01,'2522','COMP2260',9002,101,'Saturday','10:00am','11:20am');
insert into section_records values(01,'5450','BUSS2500',9001,202,'Thursday','4:00pm','5:20pm');
insert into section_records values(01,'3271','COMP1050',9003,203,'Thursday','8:30am','9:50am');
insert into section_records values(01,'6348','COMP1050',9001,101,'Saturday','8:30am','9:50am');

insert into student_records values(4577,124406136,3271,16,'Fail','2017','F');
insert into student_records values(3500,124406136,6863,55,'Pass','2017','S');
insert into student_records values(8373,124406136,4800,46,'Fail','2017','F');
insert into student_records values(3191,368510663,4967,44,'Fail','2017','W');
insert into student_records values(2820,368510663,4967,92,'Pass','2017','S');
insert into student_records values(6840,368510663,4092,80,'Pass','2017','F');
insert into student_records values(7048,227911497,6348,47,'Fail','2017','W');
insert into student_records values(1993,227911497,6863,95,'Pass','2017','W');
insert into student_records values(2904,227911497,6907,55,'Pass','2017','F');
insert into student_records values(8670,613427327,7586,46,'Fail','2017','W');
insert into student_records values(1125,613427327,4800,22,'Fail','2017','W');
insert into student_records values(2332,613427327,5450,99,'Pass','2017','S');
insert into student_records values(1684,452818218,9533,63,'Pass','2017','F');
insert into student_records values(1814,452818218,6907,30,'Fail','2017','W');
insert into student_records values(5384,452818218,6348,55,'Pass','2017','F');
insert into student_records values(4105,160853767,2522,52,'Pass','2017','W');
insert into student_records values(1136,160853767,9533,23,'Fail','2017','W');
insert into student_records values(4435,160853767,5450,45,'Fail','2017','F');
insert into student_records values(3687,898332114,4092,99,'Pass','2017','W');
insert into student_records values(4376,898332114,6863,71,'Pass','2017','F');
insert into student_records values(8795,898332114,9533,84,'Pass','2017','S');
insert into student_records values(1676,671316190,9533,87,'Pass','2017','W');
insert into student_records values(2306,671316190,9533,74,'Pass','2017','F');
insert into student_records values(1222,671316190,6907,30,'Fail','2017','S');
insert into student_records values(9387,336398956,4258,48,'Fail','2017','S');
insert into student_records values(5922,336398956,4800,95,'Pass','2017','F');
insert into student_records values(6656,336398956,3271,65,'Pass','2017','W');
insert into student_records values(1429,939374252,4092,10,'Fail','2017','S');
insert into student_records values(3582,939374252,3271,42,'Fail','2017','F');
insert into student_records values(1720,939374252,6907,25,'Fail','2017','W');
insert into student_records values(7140,157083661,6907,60,'Pass','2017','S');
insert into student_records values(7684,157083661,4258,12,'Fail','2017','W');
insert into student_records values(9852,157083661,9533,15,'Fail','2017','F');
insert into student_records values(8585,794237108,5450,80,'Pass','2017','W');
insert into student_records values(6712,794237108,7586,33,'Fail','2017','W');
insert into student_records values(5688,794237108,2522,90,'Pass','2017','F');
insert into student_records values(6108,818785711,7586,89,'Pass','2017','F');
insert into student_records values(9944,818785711,6348,50,'Pass','2017','W');
insert into student_records values(6344,818785711,4092,86,'Pass','2017','F');
insert into student_records values(6499,338101662,6863,86,'Pass','2017','W');
insert into student_records values(7315,338101662,2522,82,'Pass','2017','F');
insert into student_records values(3184,338101662,4800,19,'Fail','2017','S');
insert into student_records values(7553,338765832,9533,50,'Pass','2017','W');
insert into student_records values(2653,338765832,6907,84,'Pass','2017','S');
insert into student_records values(7017,338765832,4258,85,'Pass','2017','W');
insert into student_records values(5918,467937105,9533,35,'Fail','2017','F');
insert into student_records values(1208,467937105,7586,55,'Pass','2017','W');
insert into student_records values(3229,467937105,3271,61,'Pass','2017','S');
insert into student_records values(8907,483283754,2522,76,'Pass','2017','F');
insert into student_records values(4166,483283754,4800,75,'Pass','2017','S');
insert into student_records values(4455,483283754,7586,99,'Pass','2017','W');
insert into student_records values(8910,797851251,6348,69,'Pass','2017','F');
insert into student_records values(1785,797851251,2522,92,'Pass','2017','W');
insert into student_records values(8535,797851251,4967,13,'Fail','2017','F');
insert into student_records values(5998,646481764,4800,23,'Fail','2017','S');
insert into student_records values(9442,646481764,6863,15,'Fail','2017','S');
insert into student_records values(3414,646481764,4092,47,'Fail','2017','F');
insert into student_records values(7135,168330034,6863,40,'Fail','2017','S');
insert into student_records values(4720,168330034,6863,89,'Pass','2017','F');
insert into student_records values(6439,168330034,4967,53,'Pass','2017','W');
insert into student_records values(2699,183612420,5450,39,'Fail','2017','S');
insert into student_records values(2442,183612420,4258,43,'Fail','2017','S');
insert into student_records values(9654,183612420,9533,13,'Fail','2017','S');
insert into student_records values(4272,885978185,4092,14,'Fail','2017','F');
insert into student_records values(1643,885978185,6907,45,'Fail','2017','S');
insert into student_records values(2765,885978185,6348,23,'Fail','2017','F');
insert into student_records values(3890,190254702,2522,17,'Fail','2017','W');
insert into student_records values(3204,190254702,4092,56,'Pass','2017','S');
insert into student_records values(1856,190254702,6348,24,'Fail','2017','W');
insert into student_records values(5616,772441979,4258,99,'Pass','2017','S');
insert into student_records values(8389,772441979,4800,58,'Pass','2017','W');
insert into student_records values(7823,772441979,9533,56,'Pass','2017','W');
insert into student_records values(9397,554191505,2522,68,'Pass','2017','W');
insert into student_records values(3395,554191505,4800,47,'Fail','2017','F');
insert into student_records values(8624,554191505,7586,50,'Pass','2017','W');
insert into student_records values(1528,116231551,2522,29,'Fail','2017','F');
insert into student_records values(5571,116231551,2522,35,'Fail','2017','W');
insert into student_records values(3951,116231551,6907,65,'Pass','2017','F');
insert into student_records values(5629,177812108,4967,96,'Pass','2017','F');
insert into student_records values(1050,177812108,3271,34,'Fail','2017','F');
insert into student_records values(9882,177812108,6863,79,'Pass','2017','S');
insert into student_records values(8528,203703063,4258,33,'Fail','2017','W');
insert into student_records values(3049,203703063,3271,23,'Fail','2017','F');
insert into student_records values(8171,203703063,7586,11,'Fail','2017','F');
insert into student_records values(7952,854194322,9533,99,'Pass','2017','W');
insert into student_records values(9499,854194322,3271,77,'Pass','2017','F');
insert into student_records values(5645,854194322,3271,96,'Pass','2017','F');
insert into student_records values(8544,726981761,7586,36,'Fail','2017','W');
insert into student_records values(9197,726981761,6863,12,'Fail','2017','S');
insert into student_records values(6808,726981761,6863,52,'Pass','2017','W');
insert into student_records values(4068,379872347,4800,38,'Fail','2017','S');
insert into student_records values(4604,379872347,6348,10,'Fail','2017','W');
insert into student_records values(7176,379872347,2522,21,'Fail','2017','W');
insert into student_records values(4241,679110969,9533,28,'Fail','2017','W');
insert into student_records values(7417,679110969,4800,45,'Fail','2017','W');
insert into student_records values(5927,679110969,4258,16,'Fail','2017','S');
insert into student_records values(2830,808707727,6863,86,'Pass','2017','F');
insert into student_records values(2292,808707727,3271,39,'Fail','2017','W');
insert into student_records values(5138,808707727,7586,18,'Fail','2017','W');
insert into student_records values(8323,185604790,4800,28,'Fail','2017','S');
insert into student_records values(5074,185604790,4800,85,'Pass','2017','S');
insert into student_records values(4207,185604790,5450,99,'Pass','2017','S');
insert into student_records values(9745,747118757,3271,63,'Pass','2017','F');
insert into student_records values(8851,747118757,4092,48,'Fail','2017','S');
insert into student_records values(3372,747118757,9533,72,'Pass','2017','W');
insert into student_records values(3780,368280847,5450,53,'Pass','2017','S');
insert into student_records values(8459,368280847,3271,95,'Pass','2017','S');
insert into student_records values(3903,368280847,6348,56,'Pass','2017','W');
insert into student_records values(3079,495462701,4258,53,'Pass','2017','W');
insert into student_records values(6864,495462701,3271,62,'Pass','2017','W');
insert into student_records values(6365,495462701,4092,34,'Fail','2017','W');
insert into student_records values(4658,261728706,7586,59,'Pass','2017','F');
insert into student_records values(6450,261728706,4967,12,'Fail','2017','S');
insert into student_records values(9441,261728706,6907,74,'Pass','2017','S');
insert into student_records values(3226,622221229,6348,93,'Pass','2017','S');
insert into student_records values(6298,622221229,6863,72,'Pass','2017','F');
insert into student_records values(5611,622221229,7586,60,'Pass','2017','S');
insert into student_records values(5490,775745894,7586,36,'Fail','2017','F');
insert into student_records values(4073,775745894,3271,19,'Fail','2017','F');
insert into student_records values(6587,775745894,4967,91,'Pass','2017','F');
insert into student_records values(2363,930810062,6863,28,'Fail','2017','S');
insert into student_records values(4698,930810062,6348,85,'Pass','2017','S');
insert into student_records values(4392,930810062,4967,70,'Pass','2017','S');
insert into student_records values(2345,625338072,2522,74,'Pass','2017','W');
insert into student_records values(4807,625338072,6863,15,'Fail','2017','W');
insert into student_records values(1636,625338072,7586,72,'Pass','2017','F');
insert into student_records values(2236,866027908,9533,56,'Pass','2017','S');
insert into student_records values(2334,866027908,6348,18,'Fail','2017','F');
insert into student_records values(9983,866027908,4967,55,'Pass','2017','W');
insert into student_records values(7490,828262117,4967,11,'Fail','2017','S');
insert into student_records values(6890,828262117,6907,64,'Pass','2017','W');
insert into student_records values(4031,828262117,6348,37,'Fail','2017','W');
insert into student_records values(5533,606558462,6863,49,'Fail','2017','F');
insert into student_records values(4525,606558462,4092,72,'Pass','2017','F');
insert into student_records values(8114,606558462,5450,74,'Pass','2017','W');
insert into student_records values(7695,795263135,4967,11,'Fail','2017','F');
insert into student_records values(5028,795263135,6907,45,'Fail','2017','S');
insert into student_records values(7041,795263135,6907,22,'Fail','2017','F');
insert into student_records values(4114,195844911,4092,79,'Pass','2017','F');
insert into student_records values(8613,195844911,6348,40,'Fail','2017','W');
insert into student_records values(4708,195844911,5450,64,'Pass','2017','W');
insert into student_records values(1451,521846982,9533,67,'Pass','2017','F');
insert into student_records values(7252,521846982,4967,35,'Fail','2017','S');
insert into student_records values(9576,521846982,4092,85,'Pass','2017','S');
insert into student_records values(3097,218154199,7586,72,'Pass','2017','S');
insert into student_records values(4547,218154199,6348,52,'Pass','2017','F');
insert into student_records values(2509,218154199,6348,58,'Pass','2017','F');
insert into student_records values(7926,701285542,7586,85,'Pass','2017','S');
insert into student_records values(2352,701285542,4092,30,'Fail','2017','F');
insert into student_records values(7402,701285542,5450,52,'Pass','2017','F');

