INSERT INTO ROOM VALUES (101, '1120', 'ERIE HALL', 110);
INSERT INTO ROOM VALUES (102, '1118', 'ERIE HALL', 60);
INSERT INTO ROOM VALUES (103, '3130', 'ERIE HALL', 35);
INSERT INTO ROOM VALUES (201, '1250', 'ESSEX HALL', 105);
INSERT INTO ROOM VALUES (202, '1230', 'ESSEX HALL', 55);
INSERT INTO ROOM VALUES (203, '1267', 'ESSEX HALL', 30);

INSERT INTO DEPARTMENT VALUES ('CS', 'Computer Science');
INSERT INTO DEPARTMENT VALUES ('CH', 'Chemistry');
INSERT INTO DEPARTMENT VALUES ('BU', 'Business');
INSERT INTO DEPARTMENT VALUES ('EN', 'Engineering');

insert into student values(952539633,'Jacki','Mcelyea','JMcelyea@uwindsor.ca','Engineering',55.33,'EN');
insert into student values(968224959,'Rowena','Julio','RJulio@uwindsor.ca','Chemistry',24.67,'CH');
insert into student values(433026875,'Faith','Kolesar','FKolesar@uwindsor.ca','Chemistry',40.0,'CH');
insert into student values(863383831,'Vonnie','Rohrbaugh','VRohrbaugh@uwindsor.ca','Computer Science',61.0,'CS');
insert into student values(276861670,'Gilberte','Ober','GOber@uwindsor.ca','Chemistry',71.67,'CH');
insert into student values(386415395,'Carline','Trew','CTrew@uwindsor.ca','Computer Science',46.67,'CS');
insert into student values(272691654,'Alesia','Stead','AStead@uwindsor.ca','Business',66.0,'BU');
insert into student values(286124664,'Easter','Harrison','EHarrison@uwindsor.ca','Chemistry',16.0,'CH');
insert into student values(370729563,'Arianne','Weidman','AWeidman@uwindsor.ca','Business',70.67,'BU');
insert into student values(764844398,'Kym','Fulk','KFulk@uwindsor.ca','Business',51.67,'BU');
insert into student values(483223471,'Juanita','Munsey','JMunsey@uwindsor.ca','Chemistry',51.33,'CH');
insert into student values(174220625,'Emeline','Pomeroy','EPomeroy@uwindsor.ca','Business',44.67,'BU');
insert into student values(714294789,'Lizzie','Mcfate','LMcfate@uwindsor.ca','Business',52.0,'BU');
insert into student values(268624164,'Verda','Carrales','VCarrales@uwindsor.ca','Business',26.33,'BU');
insert into student values(613589723,'Shiela','Heber','SHeber@uwindsor.ca','Computer Science',38.0,'CS');
insert into student values(837157313,'Elicia','Balas','EBalas@uwindsor.ca','Chemistry',56.67,'CH');
insert into student values(490821920,'Tiffanie','Wiese','TWiese@uwindsor.ca','Business',24.67,'BU');
insert into student values(590132958,'Monica','Hammaker','MHammaker@uwindsor.ca','Engineering',57.67,'EN');
insert into student values(576315393,'Hung','Clampitt','HClampitt@uwindsor.ca','Chemistry',35.67,'CH');
insert into student values(969838183,'Glennis','Royston','GRoyston@uwindsor.ca','Business',36.67,'BU');
insert into student values(171802744,'Hassan','Hamann','HHamann@uwindsor.ca','Engineering',46.0,'EN');
insert into student values(336688484,'Carman','Hillwig','CHillwig@uwindsor.ca','Engineering',65.33,'EN');
insert into student values(493564935,'Briana','Streater','BStreater@uwindsor.ca','Chemistry',35.0,'CH');
insert into student values(230843284,'Marcelene','Brophy','MBrophy@uwindsor.ca','Chemistry',46.0,'CH');
insert into student values(161267559,'Liane','Vaquera','LVaquera@uwindsor.ca','Chemistry',58.67,'CH');
insert into student values(738791199,'Ching','Bigler','CBigler@uwindsor.ca','Engineering',71.33,'EN');
insert into student values(215638790,'Lincoln','Engberg','LEngberg@uwindsor.ca','Computer Science',56.33,'CS');
insert into student values(681655448,'Victor','Conners','VConners@uwindsor.ca','Business',49.0,'BU');
insert into student values(257134071,'Vada','Myron','VMyron@uwindsor.ca','Computer Science',57.67,'CS');
insert into student values(533395441,'Risa','Hazen','RHazen@uwindsor.ca','Chemistry',38.67,'CH');
insert into student values(359036367,'Blondell','Decarlo','BDecarlo@uwindsor.ca','Business',26.67,'BU');
insert into student values(543493093,'Debby','Efird','DEfird@uwindsor.ca','Engineering',41.33,'EN');
insert into student values(321721031,'Josef','Deeb','JDeeb@uwindsor.ca','Chemistry',67.33,'CH');
insert into student values(400286275,'Shannan','Pasley','SPasley@uwindsor.ca','Computer Science',51.67,'CS');
insert into student values(488057354,'Rickey','Koury','RKoury@uwindsor.ca','Computer Science',58.67,'CS');
insert into student values(434939648,'Alvina','Kabel','AKabel@uwindsor.ca','Engineering',52.0,'EN');
insert into student values(651775218,'Mellie','Barlowe','MBarlowe@uwindsor.ca','Chemistry',38.67,'CH');
insert into student values(199063846,'Jerry','Calley','JCalley@uwindsor.ca','Engineering',37.33,'EN');
insert into student values(796294148,'Vicente','Kearns','VKearns@uwindsor.ca','Chemistry',79.0,'CH');
insert into student values(527316560,'Vance','Bialek','VBialek@uwindsor.ca','Business',42.0,'BU');
insert into student values(655751558,'Rufina','Wiggs','RWiggs@uwindsor.ca','Business',78.33,'BU');
insert into student values(422677353,'Cristy','Lis','CLis@uwindsor.ca','Chemistry',46.0,'CH');
insert into student values(570146005,'Sergio','Pocock','SPocock@uwindsor.ca','Computer Science',41.0,'CS');
insert into student values(504159834,'Eulah','Zemlicka','EZemlicka@uwindsor.ca','Engineering',64.33,'EN');
insert into student values(325436080,'Millie','Davy','MDavy@uwindsor.ca','Computer Science',51.33,'CS');
insert into student values(192124696,'Herlinda','Kreger','HKreger@uwindsor.ca','Chemistry',68.0,'CH');
insert into student values(655887618,'Roselyn','Mcquaid','RMcquaid@uwindsor.ca','Computer Science',47.67,'CS');
insert into student values(314171984,'Gabriele','Villagran','GVillagran@uwindsor.ca','Business',53.33,'BU');
insert into student values(676983902,'Emogene','Morain','EMorain@uwindsor.ca','Chemistry',29.67,'CH');
insert into student values(391198338,'Mildred','Bulli','MBulli@uwindsor.ca','Computer Science',78.33,'CS');

INSERT INTO PROFESSOR VALUES (9001, 'BOBBY', 'JEAN', 'BJEAN@UWINDSOR.CA', 'CS');
INSERT INTO PROFESSOR VALUES (9002, 'CLAIRE', 'BAKER', 'CBAKER@UWINDSOR.CA', 'CS');
INSERT INTO PROFESSOR VALUES (9003, 'HAROLD', 'BEAUMONT', 'HBEAUMONT@UWINDSOR.CA', 'CH');
INSERT INTO PROFESSOR VALUES (9004, 'KATIE', 'SMITH', 'KSMITH@UWINDSOR.CA', 'CH');
INSERT INTO PROFESSOR VALUES (9005, 'BRANDON', 'BROWN', 'BBROWN@UWINDSOR.CA', 'BU');
INSERT INTO PROFESSOR VALUES (9006, 'WILLIAM', 'DAVIS', 'WDAVIS@UWINDSOR.CA', 'EN');

INSERT INTO COURSE VALUES ('COMP1050', 'INTRO TO PROGRAMMING', 'DESCRIPTION OF COMP1050', 'CS');
INSERT INTO COURSE VALUES ('COMP2080', 'OOP USING JAVA', 'DESCRIPTION OF COMP2080', 'CS');
INSERT INTO COURSE VALUES ('COMP2260', 'DATABASE MANAGEMENT SYSTEMS', 'DESCRIPTION OF COMP2260', 'CS');
INSERT INTO COURSE VALUES ('CHEM3470', 'SPECTROSCOPIC STRUCTURE IDENTIFICATION', 'DESCRIPTION OF CHEM3470', 'CH');
INSERT INTO COURSE VALUES ('CHEM3801', 'PRINCIPLES OF INSTRUMENTAL ANALYSIS', 'DESCRIPTION OF CHEM3810', 'CH');
INSERT INTO COURSE VALUES ('CHEM4540', 'BIO AND SUSTAINABLE MATERIALS', 'DESCRIPTION OF CHEM4540', 'CH');
INSERT INTO COURSE VALUES ('BUSS4540', 'BUSINESS MANAGEMENT', 'DESCRIPTION OF BUSS4540', 'BU');
INSERT INTO COURSE VALUES ('BUSS2500', 'ECONOMICS I', 'DESCRIPTION OF BUSS2500', 'BU');
INSERT INTO COURSE VALUES ('BUSS1000', 'ECONOMICS II', 'DESCRIPTION OF BUSS1000', 'BU');
INSERT INTO COURSE VALUES ('ENGI4540', 'MECHANICS I', 'DESCRIPTION OF ENGI4540', 'EN');
INSERT INTO COURSE VALUES ('ENGI3540', 'MECHANICS II', 'DESCRIPTION OF ENGI3540', 'EN');
INSERT INTO COURSE VALUES ('ENGI1000', 'ENGINEERING PRINCIPLES', 'DESCRIPTION OF ENGI1000', 'EN');

insert into section_records values(01,'4234','CHEM3470',9003,102,2010,'Thursday','8:30am','9:50am');
insert into section_records values(01,'6289','BUSS2500',9004,102,2018,'Tuesday','10:00am','11:20am');
insert into section_records values(01,'8315','BUSS2500',9006,102,2011,'Sunday','4:00pm','5:20pm');
insert into section_records values(01,'4827','CHEM4540',9005,102,2018,'Saturday','1:00pm','2:20pm');
insert into section_records values(01,'8272','COMP1050',9002,202,2018,'Saturday','2:30pm','3:50pm');
insert into section_records values(01,'4242','CHEM3470',9006,101,2017,'Wednesday','11:30am','12:50pm');
insert into section_records values(01,'3903','BUSS4540',9005,101,2016,'Tuesday','10:00am','11:20am');
insert into section_records values(01,'3689','BUSS1000',9001,101,2017,'Thursday','10:00am','11:20am');
insert into section_records values(01,'4468','CHEM4540',9001,202,2016,'Monday','4:00pm','5:20pm');
insert into section_records values(01,'8989','COMP2080',9004,202,2010,'Sunday','8:30am','9:50am');
insert into section_records values(01,'6627','ENGI1000',9002,102,2012,'Monday','8:30am','9:50am');
insert into section_records values(01,'9152','BUSS2500',9006,101,2010,'Saturday','1:00pm','2:20pm');

insert into student_records values(6345,952539633,6289,63,'Pass','2017','S');
insert into student_records values(4423,952539633,6289,75,'Pass','2017','W');
insert into student_records values(2253,952539633,6289,28,'Fail','2017','S');
insert into student_records values(2276,968224959,8272,24,'Fail','2017','S');
insert into student_records values(4594,968224959,4242,12,'Fail','2017','F');
insert into student_records values(8339,968224959,6627,38,'Fail','2017','W');
insert into student_records values(6423,433026875,3903,91,'Pass','2017','F');
insert into student_records values(5780,433026875,4468,16,'Fail','2017','S');
insert into student_records values(8116,433026875,4468,13,'Fail','2017','F');
insert into student_records values(9965,863383831,4468,93,'Pass','2017','W');
insert into student_records values(7987,863383831,3689,77,'Pass','2017','S');
insert into student_records values(4199,863383831,4468,13,'Fail','2017','F');
insert into student_records values(9467,276861670,8989,70,'Pass','2017','S');
insert into student_records values(7670,276861670,3903,65,'Pass','2017','F');
insert into student_records values(6155,276861670,4827,80,'Pass','2017','S');
insert into student_records values(1609,386415395,6289,31,'Fail','2017','S');
insert into student_records values(8208,386415395,4242,88,'Pass','2017','S');
insert into student_records values(2587,386415395,8315,21,'Fail','2017','W');
insert into student_records values(3515,272691654,6627,96,'Pass','2017','S');
insert into student_records values(8052,272691654,3903,24,'Fail','2017','F');
insert into student_records values(1720,272691654,8272,78,'Pass','2017','F');
insert into student_records values(8156,286124664,4242,13,'Fail','2017','S');
insert into student_records values(6273,286124664,3903,16,'Fail','2017','S');
insert into student_records values(3917,286124664,4242,19,'Fail','2017','F');
insert into student_records values(9576,370729563,6627,52,'Pass','2017','F');
insert into student_records values(8271,370729563,4827,91,'Pass','2017','S');
insert into student_records values(8599,370729563,4827,69,'Pass','2017','F');
insert into student_records values(5520,764844398,6289,75,'Pass','2017','S');
insert into student_records values(5433,764844398,9152,11,'Fail','2017','W');
insert into student_records values(8611,764844398,4468,69,'Pass','2017','S');
insert into student_records values(2825,483223471,8989,88,'Pass','2017','W');
insert into student_records values(7908,483223471,4234,48,'Fail','2017','S');
insert into student_records values(1388,483223471,8989,18,'Fail','2017','F');
insert into student_records values(6940,174220625,6289,87,'Pass','2017','S');
insert into student_records values(2599,174220625,3903,15,'Fail','2017','S');
insert into student_records values(2303,174220625,4234,32,'Fail','2017','W');
insert into student_records values(2371,714294789,4234,37,'Fail','2017','F');
insert into student_records values(4406,714294789,8272,94,'Pass','2017','W');
insert into student_records values(1014,714294789,4468,25,'Fail','2017','F');
insert into student_records values(7371,268624164,8315,29,'Fail','2017','W');
insert into student_records values(7417,268624164,8272,27,'Fail','2017','W');
insert into student_records values(5985,268624164,8315,23,'Fail','2017','F');
insert into student_records values(6348,613589723,8272,49,'Fail','2017','S');
insert into student_records values(5248,613589723,4242,31,'Fail','2017','S');
insert into student_records values(8932,613589723,4242,34,'Fail','2017','F');
insert into student_records values(6968,837157313,4827,68,'Pass','2017','S');
insert into student_records values(9266,837157313,3689,57,'Pass','2017','W');
insert into student_records values(8807,837157313,8315,45,'Fail','2017','W');
insert into student_records values(8719,490821920,4234,10,'Fail','2017','W');
insert into student_records values(9610,490821920,4234,10,'Fail','2017','W');
insert into student_records values(3021,490821920,6627,54,'Pass','2017','W');
insert into student_records values(4540,590132958,8272,78,'Pass','2017','W');
insert into student_records values(2087,590132958,6289,47,'Fail','2017','S');
insert into student_records values(1943,590132958,4827,48,'Fail','2017','W');
insert into student_records values(2865,576315393,8315,45,'Fail','2017','W');
insert into student_records values(3780,576315393,4468,51,'Pass','2017','S');
insert into student_records values(2527,576315393,8272,11,'Fail','2017','W');
insert into student_records values(1852,969838183,9152,47,'Fail','2017','S');
insert into student_records values(9553,969838183,6627,15,'Fail','2017','F');
insert into student_records values(8076,969838183,4242,48,'Fail','2017','S');
insert into student_records values(3176,171802744,6627,60,'Pass','2017','F');
insert into student_records values(7702,171802744,6627,61,'Pass','2017','F');
insert into student_records values(5238,171802744,4827,17,'Fail','2017','W');
insert into student_records values(2595,336688484,3903,78,'Pass','2017','S');
insert into student_records values(6491,336688484,4468,89,'Pass','2017','S');
insert into student_records values(3318,336688484,4242,29,'Fail','2017','F');
insert into student_records values(4288,493564935,6627,21,'Fail','2017','W');
insert into student_records values(7132,493564935,6289,70,'Pass','2017','S');
insert into student_records values(4601,493564935,6627,14,'Fail','2017','S');
insert into student_records values(7965,230843284,6627,16,'Fail','2017','S');
insert into student_records values(5737,230843284,4234,72,'Pass','2017','W');
insert into student_records values(5067,230843284,4468,50,'Pass','2017','F');
insert into student_records values(9478,161267559,4242,32,'Fail','2017','S');
insert into student_records values(8781,161267559,9152,61,'Pass','2017','W');
insert into student_records values(9860,161267559,3689,83,'Pass','2017','S');
insert into student_records values(7220,738791199,4468,95,'Pass','2017','F');
insert into student_records values(9077,738791199,4234,34,'Fail','2017','F');
insert into student_records values(8519,738791199,6289,85,'Pass','2017','F');
insert into student_records values(2191,215638790,8989,17,'Fail','2017','W');
insert into student_records values(9522,215638790,3903,91,'Pass','2017','W');
insert into student_records values(1368,215638790,4468,61,'Pass','2017','W');
insert into student_records values(5244,681655448,3903,80,'Pass','2017','F');
insert into student_records values(8963,681655448,4242,49,'Fail','2017','F');
insert into student_records values(5263,681655448,4827,18,'Fail','2017','S');
insert into student_records values(3756,257134071,6627,41,'Fail','2017','W');
insert into student_records values(6036,257134071,8272,71,'Pass','2017','S');
insert into student_records values(2098,257134071,6627,61,'Pass','2017','W');
insert into student_records values(9573,533395441,4827,71,'Pass','2017','S');
insert into student_records values(8604,533395441,9152,21,'Fail','2017','F');
insert into student_records values(8836,533395441,9152,24,'Fail','2017','F');
insert into student_records values(8013,359036367,4827,32,'Fail','2017','F');
insert into student_records values(8444,359036367,8989,35,'Fail','2017','W');
insert into student_records values(5368,359036367,8315,13,'Fail','2017','S');
insert into student_records values(5640,543493093,4468,30,'Fail','2017','W');
insert into student_records values(2862,543493093,3689,25,'Fail','2017','W');
insert into student_records values(2540,543493093,9152,69,'Pass','2017','W');
insert into student_records values(6976,321721031,6289,37,'Fail','2017','S');
insert into student_records values(5605,321721031,3689,80,'Pass','2017','S');
insert into student_records values(6735,321721031,3689,85,'Pass','2017','F');
insert into student_records values(3082,400286275,4242,99,'Pass','2017','F');
insert into student_records values(5411,400286275,8315,22,'Fail','2017','F');
insert into student_records values(5074,400286275,6627,34,'Fail','2017','S');
insert into student_records values(5226,488057354,9152,30,'Fail','2017','W');
insert into student_records values(1107,488057354,4242,86,'Pass','2017','F');
insert into student_records values(3395,488057354,8315,60,'Pass','2017','W');
insert into student_records values(4251,434939648,9152,35,'Fail','2017','S');
insert into student_records values(9922,434939648,6289,28,'Fail','2017','S');
insert into student_records values(7115,434939648,4468,93,'Pass','2017','W');
insert into student_records values(6886,651775218,8989,10,'Fail','2017','F');
insert into student_records values(1597,651775218,9152,22,'Fail','2017','F');
insert into student_records values(7270,651775218,8272,84,'Pass','2017','F');
insert into student_records values(3846,199063846,8272,46,'Fail','2017','F');
insert into student_records values(9674,199063846,3903,45,'Fail','2017','S');
insert into student_records values(5802,199063846,4234,21,'Fail','2017','S');
insert into student_records values(8867,796294148,4242,89,'Pass','2017','W');
insert into student_records values(8703,796294148,3689,99,'Pass','2017','W');
insert into student_records values(6547,796294148,3689,49,'Fail','2017','F');
insert into student_records values(2849,527316560,4242,55,'Pass','2017','W');
insert into student_records values(2475,527316560,3903,25,'Fail','2017','W');
insert into student_records values(8031,527316560,9152,46,'Fail','2017','F');
insert into student_records values(9355,655751558,3903,69,'Pass','2017','S');
insert into student_records values(3340,655751558,9152,88,'Pass','2017','W');
insert into student_records values(9684,655751558,4242,78,'Pass','2017','W');
insert into student_records values(4750,422677353,8315,23,'Fail','2017','S');
insert into student_records values(6791,422677353,6289,62,'Pass','2017','F');
insert into student_records values(5757,422677353,3689,53,'Pass','2017','F');
insert into student_records values(2508,570146005,4234,29,'Fail','2017','S');
insert into student_records values(2525,570146005,4234,39,'Fail','2017','S');
insert into student_records values(3974,570146005,4827,55,'Pass','2017','W');
insert into student_records values(8166,504159834,4827,79,'Pass','2017','S');
insert into student_records values(4037,504159834,4827,74,'Pass','2017','F');
insert into student_records values(2658,504159834,4234,40,'Fail','2017','F');
insert into student_records values(1101,325436080,9152,69,'Pass','2017','F');
insert into student_records values(3841,325436080,4827,38,'Fail','2017','S');
insert into student_records values(2013,325436080,3689,47,'Fail','2017','W');
insert into student_records values(1169,192124696,4234,29,'Fail','2017','W');
insert into student_records values(7689,192124696,4242,89,'Pass','2017','S');
insert into student_records values(4970,192124696,4468,86,'Pass','2017','F');
insert into student_records values(4677,655887618,6289,44,'Fail','2017','W');
insert into student_records values(9592,655887618,6289,82,'Pass','2017','W');
insert into student_records values(9319,655887618,4468,17,'Fail','2017','W');
insert into student_records values(7792,314171984,4242,93,'Pass','2017','F');
insert into student_records values(2641,314171984,6627,10,'Fail','2017','F');
insert into student_records values(3444,314171984,9152,57,'Pass','2017','F');
insert into student_records values(8584,676983902,8989,26,'Fail','2017','W');
insert into student_records values(3888,676983902,8272,11,'Fail','2017','S');
insert into student_records values(7403,676983902,4468,52,'Pass','2017','F');
insert into student_records values(6761,391198338,8315,95,'Pass','2017','W');
insert into student_records values(1687,391198338,3689,84,'Pass','2017','W');
insert into student_records values(8016,391198338,4827,56,'Pass','2017','W');

